Workbook

Sheet Worksheet
A1: ID Dinas | B1: Dinas Lingkungan Hidup | C1: Adipura | F1: Adiwiyata | I1: Proklim | L1: Proper | O1: Kaltaparu
C2: Jumlah Wilayah | D2: Skor max | E2: Skor | F2: Jumlah Sekolah Adiwiyata | G2: Skor max | H2: Skor | I2: Jumlah Desa Proklim | J2: Skor max | K2: Skor | L2: Jumlah Perusahaan | M2: Skor max | N2: Skor | O2: Jumlah Penerima | P2: Skor max | Q2: Skor
A3: 1 | B3: Dinas Lingkungan Hidup Provinsi Aceh | D3: =C3 * VLOOKUP("adipura", inject!A:B, 2, FALSE) -> 0 | G3: =F3 * VLOOKUP("adiwiyata", inject!A:B, 2, FALSE) -> 0 | J3: =I3 * VLOOKUP("proklim", inject!A:B, 2, FALSE) -> 0 | M3: =L3 * VLOOKUP("proper", inject!A:B, 2, FALSE) -> 0 | P3: =O3 * VLOOKUP("kaltaparu", inject!A:B, 2, FALSE) -> 0
A4: 2 | B4: Dinas Lingkungan Hidup Provinsi Sumatera Utara | D4: =C4 * VLOOKUP("adipura", inject!A:B, 2, FALSE) -> 0 | G4: =F4 * VLOOKUP("adiwiyata", inject!A:B, 2, FALSE) -> 0 | J4: =I4 * VLOOKUP("proklim", inject!A:B, 2, FALSE) -> 0 | M4: =L4 * VLOOKUP("proper", inject!A:B, 2, FALSE) -> 0 | P4: =O4 * VLOOKUP("kaltaparu", inject!A:B, 2, FALSE) -> 0
A5: 3 | B5: Dinas Lingkungan Hidup Provinsi Sumatera Barat | D5: =C5 * VLOOKUP("adipura", inject!A:B, 2, FALSE) -> 0 | G5: =F5 * VLOOKUP("adiwiyata", inject!A:B, 2, FALSE) -> 0 | J5: =I5 * VLOOKUP("proklim", inject!A:B, 2, FALSE) -> 0 | M5: =L5 * VLOOKUP("proper", inject!A:B, 2, FALSE) -> 0 | P5: =O5 * VLOOKUP("kaltaparu", inject!A:B, 2, FALSE) -> 0
A6: 4 | B6: Dinas Lingkungan Hidup Provinsi Riau | D6: =C6 * VLOOKUP("adipura", inject!A:B, 2, FALSE) -> 0 | G6: =F6 * VLOOKUP("adiwiyata", inject!A:B, 2, FALSE) -> 0 | J6: =I6 * VLOOKUP("proklim", inject!A:B, 2, FALSE) -> 0 | M6: =L6 * VLOOKUP("proper", inject!A:B, 2, FALSE) -> 0 | P6: =O6 * VLOOKUP("kaltaparu", inject!A:B, 2, FALSE) -> 0
A7: 5 | B7: Dinas Lingkungan Hidup Provinsi Jambi | D7: =C7 * VLOOKUP("adipura", inject!A:B, 2, FALSE) -> 0 | G7: =F7 * VLOOKUP("adiwiyata", inject!A:B, 2, FALSE) -> 0 | J7: =I7 * VLOOKUP("proklim", inject!A:B, 2, FALSE) -> 0 | M7: =L7 * VLOOKUP("proper", inject!A:B, 2, FALSE) -> 0 | P7: =O7 * VLOOKUP("kaltaparu", inject!A:B, 2, FALSE) -> 0
A8: 6 | B8: Dinas Lingkungan Hidup Provinsi Sumatera Selatan | D8: =C8 * VLOOKUP("adipura", inject!A:B, 2, FALSE) -> 0 | G8: =F8 * VLOOKUP("adiwiyata", inject!A:B, 2, FALSE) -> 0 | J8: =I8 * VLOOKUP("proklim", inject!A:B, 2, FALSE) -> 0 | M8: =L8 * VLOOKUP("proper", inject!A:B, 2, FALSE) -> 0 | P8: =O8 * VLOOKUP("kaltaparu", inject!A:B, 2, FALSE) -> 0
A9: 8 | B9: Dinas Lingkungan Hidup Provinsi Lampung | D9: =C9 * VLOOKUP("adipura", inject!A:B, 2, FALSE) -> 0 | G9: =F9 * VLOOKUP("adiwiyata", inject!A:B, 2, FALSE) -> 0 | J9: =I9 * VLOOKUP("proklim", inject!A:B, 2, FALSE) -> 0 | M9: =L9 * VLOOKUP("proper", inject!A:B, 2, FALSE) -> 0 | P9: =O9 * VLOOKUP("kaltaparu", inject!A:B, 2, FALSE) -> 0
A10: 9 | B10: Dinas Lingkungan Hidup Provinsi Kepulauan Bangka Belitung | D10: =C10 * VLOOKUP("adipura", inject!A:B, 2, FALSE) -> 0 | G10: =F10 * VLOOKUP("adiwiyata", inject!A:B, 2, FALSE) -> 0 | J10: =I10 * VLOOKUP("proklim", inject!A:B, 2, FALSE) -> 0 | M10: =L10 * VLOOKUP("proper", inject!A:B, 2, FALSE) -> 0 | P10: =O10 * VLOOKUP("kaltaparu", inject!A:B, 2, FALSE) -> 0
A11: 10 | B11: Dinas Lingkungan Hidup Provinsi Kepulauan Riau | D11: =C11 * VLOOKUP("adipura", inject!A:B, 2, FALSE) -> 0 | G11: =F11 * VLOOKUP("adiwiyata", inject!A:B, 2, FALSE) -> 0 | J11: =I11 * VLOOKUP("proklim", inject!A:B, 2, FALSE) -> 0 | M11: =L11 * VLOOKUP("proper", inject!A:B, 2, FALSE) -> 0 | P11: =O11 * VLOOKUP("kaltaparu", inject!A:B, 2, FALSE) -> 0
A12: 11 | B12: Dinas Lingkungan Hidup Provinsi DKI Jakarta | D12: =C12 * VLOOKUP("adipura", inject!A:B, 2, FALSE) -> 0 | G12: =F12 * VLOOKUP("adiwiyata", inject!A:B, 2, FALSE) -> 0 | J12: =I12 * VLOOKUP("proklim", inject!A:B, 2, FALSE) -> 0 | M12: =L12 * VLOOKUP("proper", inject!A:B, 2, FALSE) -> 0 | P12: =O12 * VLOOKUP("kaltaparu", inject!A:B, 2, FALSE) -> 0
A13: 12 | B13: Dinas Lingkungan Hidup Provinsi Jawa Barat | D13: =C13 * VLOOKUP("adipura", inject!A:B, 2, FALSE) -> 0 | G13: =F13 * VLOOKUP("adiwiyata", inject!A:B, 2, FALSE) -> 0 | J13: =I13 * VLOOKUP("proklim", inject!A:B, 2, FALSE) -> 0 | M13: =L13 * VLOOKUP("proper", inject!A:B, 2, FALSE) -> 0 | P13: =O13 * VLOOKUP("kaltaparu", inject!A:B, 2, FALSE) -> 0
A14: 13 | B14: Dinas Lingkungan Hidup Provinsi Jawa Tengah | D14: =C14 * VLOOKUP("adipura", inject!A:B, 2, FALSE) -> 0 | G14: =F14 * VLOOKUP("adiwiyata", inject!A:B, 2, FALSE) -> 0 | J14: =I14 * VLOOKUP("proklim", inject!A:B, 2, FALSE) -> 0 | M14: =L14 * VLOOKUP("proper", inject!A:B, 2, FALSE) -> 0 | P14: =O14 * VLOOKUP("kaltaparu", inject!A:B, 2, FALSE) -> 0
... A577: 576 | B577: Dinas Lingkungan Hidup Kabupaten Sorong Selatan | D577: =C577 * VLOOKUP("adipura", inject!A:B, 2, FALSE) -> 0 | G577: =F577 * VLOOKUP("adiwiyata", inject!A:B, 2, FALSE) -> 0 | J577: =I577 * VLOOKUP("proklim", inject!A:B, 2, FALSE) -> 0 | M577: =L577 * VLOOKUP("proper", inject!A:B, 2, FALSE) -> 0 | P577: =O577 * VLOOKUP("kaltaparu", inject!A:B, 2, FALSE) -> 0

Sheet inject
A1: adiwiyata | B1: 4
A2: proklim | B2: 100
A3: proper | B3: 3
A4: kaltaparu | B4: 3
A5: adipura | B5: 90
